{
  "fit": {
    "a": -1.2360665424189246,
    "b": 1.2877236840162547,
    "H_inf": 16.50138503795722
  },
  "r2": 0.5600676109008662,
  "bootstrap_success": 1930,
  "bootstrap_requested": 2000,
  "param_ci_95": {
    "a": {
      "lo": -8.957747457984933,
      "median": -1.2330048671445977,
      "hi": -0.3754818688974425
    },
    "b": {
      "lo": 0.6751839057009136,
      "median": 1.347042124990602,
      "hi": 4.173523269627976
    },
    "H_inf": {
      "lo": 15.931206456383642,
      "median": 16.729056418564536,
      "hi": 29.999999999999996
    }
  },
  "H_range": {
    "min": 13.46,
    "max": 15.6
  },
  "F_grid": [
    0.07,
    0.3,
    0.85,
    1.0
  ]
}